FID,CODI_ACCES_ESTACIO_LINIA,CODI_ACCES_ESTACIO,ID_ACCES,CODI_ACCES,NOM_ACCES,NUM_ASCENSORS,ID_TIPUS_ACCESSIBILITAT,NOM_TIPUS_ACCESSIBILITAT,CODI_ESTACIO_LINIA,CODI_ESTACIO,CODI_GRUP_ESTACIO,NOM_ESTACIO,ORDRE_ESTACIO,ID_LINIA,CODI_LINIA,NOM_LINIA,ORDRE_LINIA,DATA,GEOMETRY
ACCESSOS_EST_LINIA.100011101,100011101,11101,219,11101,Residència sanitària,1,1,Accessible,111,111,6660111,Hospital de Bellvitge,1,4,1,L1,1,2022-05-07,POINT (2.1066690928052068 41.34435669904031)
ACCESSOS_EST_LINIA.100011201,100011201,11201,220,11201,Rambla de la Marina / Avda. Granvia,1,1,Accessible,112,112,6660112,Bellvitge,2,4,1,L1,1,2022-05-07,POINT (2.1115154528942424 41.35089549772364)
ACCESSOS_EST_LINIA.100011202,100011202,11202,221,11202,Rambla de la Marina / Merca 2,0,3,No accessible,112,112,6660112,Bellvitge,2,4,1,L1,1,2022-05-07,POINT (2.1108418043280226 41.35075144720632)
ACCESSOS_EST_LINIA.100011211,100011211,11211,223,11211,Rambla de la Marina / Trav. Industrial,0,3,No accessible,112,112,6660112,Bellvitge,2,4,1,L1,1,2022-05-07,POINT (2.110940199167465 41.351420324574185)
ACCESSOS_EST_LINIA.100011212,100011212,11212,222,11212,Rambla de la Marina / Mercat Municipal,0,3,No accessible,112,112,6660112,Bellvitge,2,4,1,L1,1,2022-05-07,POINT (2.110483123470267 41.35123702229523)
ACCESSOS_EST_LINIA.100011301,100011301,11301,224,11301,Prat de la Riba,0,3,No accessible,113,113,6660113,Av. Carrilet,3,4,1,L1,1,2022-05-07,POINT (2.1024228956393722 41.359400721158295)
ACCESSOS_EST_LINIA.100011311,100011311,11311,225,11311,Avinguda Carrilet,1,1,Accessible,113,113,6660113,Av. Carrilet,3,4,1,L1,1,2022-05-07,POINT (2.1026678046332026 41.35799997470539)
ACCESSOS_EST_LINIA.100011401,100011401,11401,226,11401,Avinguda Can Serra,0,3,No accessible,114,114,6660114,Rambla Just Oliveras,4,4,1,L1,1,2022-05-07,POINT (2.099884244999859 41.36442392220162)
ACCESSOS_EST_LINIA.100011402,100011402,11402,227,11402,Rambla Just Oliveras,0,3,No accessible,114,114,6660114,Rambla Just Oliveras,4,4,1,L1,1,2022-05-07,POINT (2.1000181295355995 41.36352362942928)
ACCESSOS_EST_LINIA.100011403,100011403,11403,228,11403,Renfe,1,1,Accessible,114,114,6660114,Rambla Just Oliveras,4,4,1,L1,1,2022-05-07,POINT (2.1001537907418517 41.363993847124455)
ACCESSOS_EST_LINIA.100011501,100011501,11501,229,11501,Parc de les Planes,0,3,No accessible,115,115,6660115,Can Serra,5,4,1,L1,1,2022-05-07,POINT (2.1036034869413283 41.368062440863504)
ACCESSOS_EST_LINIA.100011502,100011502,11502,230,11502,Avinguda Can Serra,1,1,Accessible,115,115,6660115,Can Serra,5,4,1,L1,1,2022-05-07,POINT (2.103393034797958 41.367609047748324)
ACCESSOS_EST_LINIA.100011601,100011601,11601,231,11601,Avinguda Masnou,1,1,Accessible,116,116,6660116,Florida,6,4,1,L1,1,2022-05-07,POINT (2.1101198001719417 41.3684718848501)
ACCESSOS_EST_LINIA.100011602,100011602,11602,232,11602,Blocs Florida,0,3,No accessible,116,116,6660116,Florida,6,4,1,L1,1,2022-05-07,POINT (2.110131816040232 41.36817778265412)
ACCESSOS_EST_LINIA.100011711,100011711,11711,233,11711,Av. Catalunya,1,1,Accessible,117,117,6660117,Torrassa,7,4,1,L1,1,2022-05-07,POINT (2.1162009470409284 41.36858674069323)
ACCESSOS_EST_LINIA.100011712,100011712,11712,234,11712,Rosalía de Castro,0,3,No accessible,117,117,6660117,Torrassa,7,4,1,L1,1,2022-05-07,POINT (2.116832736177879 41.36809030931978)
ACCESSOS_EST_LINIA.100011801,100011801,11801,235,11801,Pont de la Torrassa,0,1,Accessible,118,118,6660118,Santa Eulàlia,8,4,1,L1,1,2022-05-07,POINT (2.1277569308975917 41.36843360778033)
ACCESSOS_EST_LINIA.100011811,100011811,11811,236,11811,Riera Blanca,0,3,No accessible,118,118,6660118,Santa Eulàlia,8,4,1,L1,1,2022-05-07,POINT (2.1302308954788196 41.36974254111025)
ACCESSOS_EST_LINIA.100011901,100011901,11901,237,11901,Riera de Tena,0,1,Accessible,119,119,6660119,Mercat Nou,9,4,1,L1,1,2022-05-07,POINT (2.1332361525006363 41.372528756737076)
ACCESSOS_EST_LINIA.100012001,100012001,12001,240,12001,Alcolea (escala mecànica),0,3,No accessible,120,120,6660120,Plaça de Sants,10,4,1,L1,1,2022-05-07,POINT (2.137076560320469 41.37545699679641)
ACCESSOS_EST_LINIA.100012002,100012002,12002,241,12002,Alcolea,0,3,No accessible,120,120,6660120,Plaça de Sants,10,4,1,L1,1,2022-05-07,POINT (2.1374256506132596 41.37543328311274)
ACCESSOS_EST_LINIA.100012003,100012003,12003,242,12003,Olzinelles,0,3,No accessible,120,120,6660120,Plaça de Sants,10,4,1,L1,1,2022-05-07,POINT (2.137156280344735 41.375292666247844)
ACCESSOS_EST_LINIA.100012011,100012011,12011,243,12011,Cros,0,3,No accessible,120,120,6660120,Plaça de Sants,10,4,1,L1,1,2022-05-07,POINT (2.138559625534182 41.37527086246283)
ACCESSOS_EST_LINIA.100012012,100012012,12012,326,12012,Riego,0,3,No accessible,120,120,6660120,Plaça de Sants,10,4,1,L1,1,2022-05-07,POINT (2.1385586184823078 41.37541164264586)
ACCESSOS_EST_LINIA.100012101,100012101,12101,244,12101,Consell de Cent / Mercat,1,3,No accessible,121,121,6660121,Hostafrancs,11,4,1,L1,1,2022-05-07,POINT (2.1437090237347274 41.37551150423378)
ACCESSOS_EST_LINIA.100012111,100012111,12111,245,12111,Hostafrancs,0,3,No accessible,121,121,6660121,Hostafrancs,11,4,1,L1,1,2022-05-07,POINT (2.144251846264405 41.3750817184101)
ACCESSOS_EST_LINIA.100012121,100012121,12121,246,12121,Moianès,0,3,No accessible,121,121,6660121,Hostafrancs,11,4,1,L1,1,2022-05-07,POINT (2.1422751889117535 41.37519656827486)
ACCESSOS_EST_LINIA.100012131,100012131,12131,345,12131,Consell de Cent,0,1,Accessible,121,121,6660121,Hostafrancs,11,4,1,L1,1,2022-05-07,POINT (2.1432509234657022 41.37539836725706)
ACCESSOS_EST_LINIA.100012201,100012201,12201,247,12201,Creu Coberta,0,3,No accessible,122,122,6660122,Espanya,12,4,1,L1,1,2022-05-07,POINT (2.1482912995412016 41.37526760303323)
ACCESSOS_EST_LINIA.100012202,100012202,12202,248,12202,Tarragona,0,3,No accessible,122,122,6660122,Espanya,12,4,1,L1,1,2022-05-07,POINT (2.149209902005212 41.375713915877334)
ACCESSOS_EST_LINIA.100012211,100012211,12211,249,12211,Exposició / Paral·lel,0,3,No accessible,122,122,6660122,Espanya,12,4,1,L1,1,2022-05-07,POINT (2.149816740423702 41.374421033232)
ACCESSOS_EST_LINIA.100012212,100012212,12212,250,12212,Exposició / Gran Via,0,3,No accessible,122,122,6660122,Espanya,12,4,1,L1,1,2022-05-07,POINT (2.149362535412975 41.37424543701833)
ACCESSOS_EST_LINIA.100012301,100012301,12301,251,12301,Rocafort / Diputació,1,1,Accessible,123,123,6660123,Rocafort,13,4,1,L1,1,2022-05-07,POINT (2.1538290310454578 41.37899331791698)
ACCESSOS_EST_LINIA.100012302,100012302,12302,252,12302,Rocafort / Sepúlveda,0,3,No accessible,123,123,6660123,Rocafort,13,4,1,L1,1,2022-05-07,POINT (2.1543952989311124 41.37858331110963)
ACCESSOS_EST_LINIA.100012311,100012311,12311,253,12311,Calàbria / Diputació,0,3,No accessible,123,123,6660123,Rocafort,13,4,1,L1,1,2022-05-07,POINT (2.154810467242419 41.379659146789706)
ACCESSOS_EST_LINIA.100012312,100012312,12312,254,12312,Calàbria / Sepúlveda,0,3,No accessible,123,123,6660123,Rocafort,13,4,1,L1,1,2022-05-07,POINT (2.1553701969493457 41.37931175263272)
ACCESSOS_EST_LINIA.100012401,100012401,12401,255,12401,Comte d'Urgell,1,1,Accessible,124,124,6660124,Urgell,14,4,1,L1,1,2022-05-07,POINT (2.1582278918354936 41.38201964980934)
ACCESSOS_EST_LINIA.100012411,100012411,12411,256,12411,Villarroel / Diputació,0,3,No accessible,124,124,6660124,Urgell,14,4,1,L1,1,2022-05-07,POINT (2.1595345308261633 41.38299495355253)
ACCESSOS_EST_LINIA.100012412,100012412,12412,257,12412,Villarroel / Sepúlveda,0,3,No accessible,124,124,6660124,Urgell,14,4,1,L1,1,2022-05-07,POINT (2.1599119080379627 41.38272902167955)
ACCESSOS_EST_LINIA.100012501,100012501,12501,258,12501,Ronda Universitat,0,3,No accessible,125,125,6660125,Universitat,15,4,1,L1,1,2022-05-07,POINT (2.165253177697143 41.38599247591405)
ACCESSOS_EST_LINIA.100012502,100012502,12502,259,12502,Pelai,0,3,No accessible,125,125,6660125,Universitat,15,4,1,L1,1,2022-05-07,POINT (2.1646574105714462 41.385735386671044)
ACCESSOS_EST_LINIA.100012601,100012601,12601,260,12601,Rambla Catalunya,0,3,No accessible,126,126,6660126,Catalunya,16,4,1,L1,1,2022-05-07,POINT (2.1683182703084976 41.38760767870989)
ACCESSOS_EST_LINIA.100012602,100012602,12602,261,12602,Ronda Universitat,1,1,Accessible,126,126,6660126,Catalunya,16,4,1,L1,1,2022-05-07,POINT (2.1684324482528305 41.3871659907406)
ACCESSOS_EST_LINIA.100012611,100012611,12611,262,12611,Passeig de Gràcia,0,3,No accessible,126,126,6660126,Catalunya,16,4,1,L1,1,2022-05-07,POINT (2.1696450016817996 41.38805712627539)
ACCESSOS_EST_LINIA.100012612,100012612,12612,263,12612,Ronda Sant Pere,0,3,No accessible,126,126,6660126,Catalunya,16,4,1,L1,1,2022-05-07,POINT (2.1705687422240594 41.387791071631796)
ACCESSOS_EST_LINIA.100012613,100012613,12613,2241,12613,Centre Plaça,0,3,No accessible,126,126,6660126,Catalunya,16,4,1,L1,1,2022-05-07,POINT (2.1695065988708544 41.38751485723492)
ACCESSOS_EST_LINIA.100012701,100012701,12701,265,12701,Plaça Urquinaona,0,3,No accessible,127,127,6660127,Urquinaona,17,4,1,L1,1,2022-05-07,POINT (2.1733986182835814 41.38935757847438)
ACCESSOS_EST_LINIA.100012711,100012711,12711,266,12711,Trafalgar,0,3,No accessible,127,127,6660127,Urquinaona,17,4,1,L1,1,2022-05-07,POINT (2.1738287439632833 41.38909099799673)
ACCESSOS_EST_LINIA.100012721,100012721,12721,267,12721,Bruc,0,3,No accessible,127,127,6660127,Urquinaona,17,4,1,L1,1,2022-05-07,POINT (2.174994976968411 41.389927924821095)
ACCESSOS_EST_LINIA.100012801,100012801,12801,268,12801,Avda. Vilanova,1,1,Accessible,128,128,6660128,Arc de Triomf,18,4,1,L1,1,2022-05-07,POINT (2.180570656025173 41.39185329732535)
ACCESSOS_EST_LINIA.100012811,100012811,12811,964,12811,Nàpols,0,1,Accessible,128,128,6660128,Arc de Triomf,18,4,1,L1,1,2022-05-07,POINT (2.181915086660581 41.39296784447241)
ACCESSOS_EST_LINIA.100012812,100012812,12812,269,12812,Roger de Flor,0,3,No accessible,128,128,6660128,Arc de Triomf,18,4,1,L1,1,2022-05-07,POINT (2.1813300100196997 41.39247743368641)
ACCESSOS_EST_LINIA.100012901,100012901,12901,270,12901,L'Auditori,1,1,Accessible,129,129,6660129,Marina,19,4,1,L1,1,2022-05-07,POINT (2.1866383243772467 41.39561404046055)
ACCESSOS_EST_LINIA.100012902,100012902,12902,271,12902,Almogàvers,0,3,No accessible,129,129,6660129,Marina,19,4,1,L1,1,2022-05-07,POINT (2.187103834120818 41.39521096247457)
ACCESSOS_EST_LINIA.100013001,100013001,13001,272,13001,Plaça de les Glòries Catalanes,0,3,No accessible,130,130,6660130,Glòries,20,4,1,L1,1,2022-05-07,POINT (2.1873364490578457 41.402828084268826)
ACCESSOS_EST_LINIA.100013002,100013002,13002,273,13002,Badajoz,0,3,No accessible,130,130,6660130,Glòries,20,4,1,L1,1,2022-05-07,POINT (2.1883855867971405 41.40300733777843)
ACCESSOS_EST_LINIA.100013011,100013011,13011,274,13011,Avda. Meridiana,1,1,Accessible,130,130,6660130,Glòries,20,4,1,L1,1,2022-05-07,POINT (2.1871213205903213 41.401979986538464)
ACCESSOS_EST_LINIA.100013101,100013101,13101,275,13101,Aragó / Meridiana,0,3,No accessible,131,131,6660131,Clot,21,4,1,L1,1,2022-05-07,POINT (2.1872081499787943 41.40934812132808)
ACCESSOS_EST_LINIA.100013111,100013111,13111,277,13111,València,0,3,No accessible,131,131,6660131,Clot,21,4,1,L1,1,2022-05-07,POINT (2.187422705862206 41.41088314318358)
ACCESSOS_EST_LINIA.100013201,100013201,13201,278,13201,Navas de Tolosa,1,1,Accessible,132,132,6660132,Navas,22,4,1,L1,1,2022-05-07,POINT (2.1871417879228954 41.415511612606714)
ACCESSOS_EST_LINIA.100013211,100013211,13211,279,13211,Biscaia,0,3,No accessible,132,132,6660132,Navas,22,4,1,L1,1,2022-05-07,POINT (2.1871329496045457 41.416877066628814)
ACCESSOS_EST_LINIA.100013301,100013301,13301,281,13301,Meridiana | Hondures,1,1,Accessible,133,133,6660133,La Sagrera,23,4,1,L1,1,2022-05-07,POINT (2.187117853085126 41.42176611115489)
ACCESSOS_EST_LINIA.100013302,100013302,13302,168,13302,Garcilaso,1,1,Accessible,133,133,6660133,La Sagrera,23,4,1,L1,1,2022-05-07,POINT (2.1865739201029823 41.42182682636695)
ACCESSOS_EST_LINIA.100013303,100013303,13303,1282,13303,Hondures,0,1,Accessible,133,133,6660133,La Sagrera,23,4,1,L1,1,2022-05-07,POINT (2.187446534149989 41.42174792109557)
ACCESSOS_EST_LINIA.100013311,100013311,13311,280,13311,Jardins d'Elx,1,1,Accessible,133,133,6660133,La Sagrera,23,4,1,L1,1,2022-05-07,POINT (2.1874417965337414 41.423033272163075)
ACCESSOS_EST_LINIA.100013401,100013401,13401,282,13401,Passeig Fabra i Puig,0,3,No accessible,134,134,6660134,Fabra i Puig,24,4,1,L1,1,2022-05-07,POINT (2.18351335010188 41.4304784177903)
ACCESSOS_EST_LINIA.100013402,100013402,13402,284,13402,Sòcrates,0,3,No accessible,134,134,6660134,Fabra i Puig,24,4,1,L1,1,2022-05-07,POINT (2.1832748715423858 41.43148910175703)
ACCESSOS_EST_LINIA.100013403,100013403,13403,283,13403,Avinguda Meridiana,0,3,No accessible,134,134,6660134,Fabra i Puig,24,4,1,L1,1,2022-05-07,POINT (2.183655433036917 41.429984636459956)
ACCESSOS_EST_LINIA.100013404,100013404,13404,285,13404,Renfe,0,3,No accessible,134,134,6660134,Fabra i Puig,24,4,1,L1,1,2022-05-07,POINT (2.1833398667251367 41.43082156962489)
ACCESSOS_EST_LINIA.100013411,100013411,13411,286,13411,Concepción Arenal,1,1,Accessible,134,134,6660134,Fabra i Puig,24,4,1,L1,1,2022-05-07,POINT (2.184201299624314 41.42896462726837)
ACCESSOS_EST_LINIA.100013501,100013501,13501,287,13501,Plaça d'Orfila,1,1,Accessible,135,135,6660135,Sant Andreu,25,4,1,L1,1,2022-05-07,POINT (2.190873765898556 41.43588672605516)
ACCESSOS_EST_LINIA.100013511,100013511,13511,288,13511,Joan Torras,0,3,No accessible,135,135,6660135,Sant Andreu,25,4,1,L1,1,2022-05-07,POINT (2.1910175753578263 41.43745369125781)
ACCESSOS_EST_LINIA.100013601,100013601,13601,289,13601,Palomar / costat muntanya,0,3,No accessible,136,136,6660136,Torras i Bages,26,4,1,L1,1,2022-05-07,POINT (2.190662596017063 41.442393736107526)
ACCESSOS_EST_LINIA.100013602,100013602,13602,290,13602,Palomar / costat mar,1,1,Accessible,136,136,6660136,Torras i Bages,26,4,1,L1,1,2022-05-07,POINT (2.1909293023009755 41.4424072302466)
ACCESSOS_EST_LINIA.100013611,100013611,13611,291,13611,Passeig Santa Coloma / costat muntanya,0,3,No accessible,136,136,6660136,Torras i Bages,26,4,1,L1,1,2022-05-07,POINT (2.190546878125522 41.44408056602411)
ACCESSOS_EST_LINIA.100013612,100013612,13612,292,13612,Passeig Santa Coloma / costat mar,0,3,No accessible,136,136,6660136,Torras i Bages,26,4,1,L1,1,2022-05-07,POINT (2.190810532206315 41.44408879665878)
ACCESSOS_EST_LINIA.100013701,100013701,13701,293,13701,Via Bàrcino,0,3,No accessible,137,137,6660137,Trinitat Vella,27,4,1,L1,1,2022-05-07,POINT (2.1939173246714603 41.448690332512435)
ACCESSOS_EST_LINIA.100013702,100013702,13702,294,13702,Parc de la Trinitat,1,1,Accessible,137,137,6660137,Trinitat Vella,27,4,1,L1,1,2022-05-07,POINT (2.194062647218165 41.44893359585285)
ACCESSOS_EST_LINIA.100013801,100013801,13801,295,13801,Riu Besòs,1,1,Accessible,138,138,6660138,Baró de Viver,28,4,1,L1,1,2022-05-07,POINT (2.1998241820720037 41.44973950590627)
ACCESSOS_EST_LINIA.100013901,100013901,13901,296,13901,Plaça de la Vila,1,1,Accessible,139,139,6660139,Santa Coloma,29,4,1,L1,1,2022-05-07,POINT (2.2084606294640863 41.45122240858729)
ACCESSOS_EST_LINIA.100013902,100013902,13902,297,13902,Llorenç Serra,0,3,No accessible,139,139,6660139,Santa Coloma,29,4,1,L1,1,2022-05-07,POINT (2.2078374171132116 41.4511471526414)
ACCESSOS_EST_LINIA.100013903,100013903,13903,298,13903,Avinguda Santa Coloma,0,3,No accessible,139,139,6660139,Santa Coloma,29,4,1,L1,1,2022-05-07,POINT (2.2078553804318113 41.4509645333913)
ACCESSOS_EST_LINIA.100014001,100014001,14001,299,14001,Sicília,0,3,No accessible,140,140,6660140,Fondo,30,4,1,L1,1,2022-05-07,POINT (2.2173919011341563 41.451496032150686)
ACCESSOS_EST_LINIA.100014002,100014002,14002,300,14002,Mossèn Cinto Verdaguer,1,1,Accessible,140,140,6660140,Fondo,30,4,1,L1,1,2022-05-07,POINT (2.2185335547374057 41.45149940926402)
ACCESSOS_EST_LINIA.200021001,200021001,21001,42,21001,Nou de la Rambla,0,3,No accessible,210,210,6660210,Paral·lel,1,6,2,L2,2,2022-05-07,POINT (2.1703902635466403 41.37506374715856)
ACCESSOS_EST_LINIA.200021002,200021002,21002,43,21002,Avinguda Paral·lel,1,1,Accessible,210,210,6660210,Paral·lel,1,6,2,L2,2,2022-05-07,POINT (2.1702476168469103 41.37481578673022)
ACCESSOS_EST_LINIA.200021011,200021011,21011,301,21011,Fontrodona,0,3,No accessible,210,210,6660210,Paral·lel,1,6,2,L2,2,2022-05-07,POINT (2.1678151034838202 41.37482729303362)
ACCESSOS_EST_LINIA.200021012,200021012,21012,302,21012,Ronda Sant Pau,0,3,No accessible,210,210,6660210,Paral·lel,1,6,2,L2,2,2022-05-07,POINT (2.168132929026759 41.37508847498623)
ACCESSOS_EST_LINIA.200021101,200021101,21101,303,21101,Villarroel,1,1,Accessible,211,211,6660211,Sant Antoni,2,6,2,L2,2,2022-05-07,POINT (2.1632448846404166 41.380656118874064)
ACCESSOS_EST_LINIA.200021111,200021111,21111,304,21111,Sant Antoni Abat,0,3,No accessible,211,211,6660211,Sant Antoni,2,6,2,L2,2,2022-05-07,POINT (2.163249157955619 41.378989134990796)
ACCESSOS_EST_LINIA.200021112,200021112,21112,305,21112,Urgell,0,3,No accessible,211,211,6660211,Sant Antoni,2,6,2,L2,2,2022-05-07,POINT (2.163017438116344 41.37898743307027)
ACCESSOS_EST_LINIA.200021201,200021201,21201,306,21201,Plaça Universitat,1,1,Accessible,212,212,6660125,Universitat,3,6,2,L2,2,2022-05-07,POINT (2.1637026922086635 41.385403141515845)
ACCESSOS_EST_LINIA.200021211,200021211,21211,307,21211,Ronda Sant Antoni,0,3,No accessible,212,212,6660125,Universitat,3,6,2,L2,2,2022-05-07,POINT (2.1637963378162297 41.38477460996994)
ACCESSOS_EST_LINIA.200021301,200021301,21301,308,21301,Rbla. Catalunya,1,1,Accessible,213,213,6660213,Passeig de Gràcia,4,6,2,L2,2,2022-05-07,POINT (2.167613968626813 41.3889235878422)
ACCESSOS_EST_LINIA.200021311,200021311,21311,309,21311,Pau Claris,0,3,No accessible,213,213,6660213,Passeig de Gràcia,4,6,2,L2,2,2022-05-07,POINT (2.168787438856731 41.38967781463345)
ACCESSOS_EST_LINIA.200021401,200021401,21401,1,21401,Diputació / Passeig de Sant Joan,0,3,No accessible,214,214,6660214,Tetuan,5,6,2,L2,2,2022-05-07,POINT (2.1747806267172773 41.3948373768045)
ACCESSOS_EST_LINIA.200021402,200021402,21402,2,21402,Casp / Passeig de Sant Joan,1,1,Accessible,214,214,6660214,Tetuan,5,6,2,L2,2,2022-05-07,POINT (2.1754294270341212 41.39431845374224)
ACCESSOS_EST_LINIA.200021501,200021501,21501,3,21501,Marina,1,1,Accessible,215,215,6660215,Monumental,6,6,2,L2,2,2022-05-07,POINT (2.1794426659464428 41.400346419666555)
ACCESSOS_EST_LINIA.200021502,200021502,21502,4,21502,Marina / Plaça de Toros,0,3,No accessible,215,215,6660215,Monumental,6,6,2,L2,2,2022-05-07,POINT (2.1796250007835867 41.400487641404595)
ACCESSOS_EST_LINIA.200021601,200021601,21601,5,21601,Mallorca - Marina,1,1,Accessible,216,216,6660216,Sagrada Família,7,6,2,L2,2,2022-05-07,POINT (2.1757445241234667 41.40387144931647)
ACCESSOS_EST_LINIA.200021701,200021701,21701,6,21701,València / Mallorca,0,3,No accessible,217,217,6660217,Encants,8,6,2,L2,2,2022-05-07,POINT (2.182130972160925 41.4070649275865)
ACCESSOS_EST_LINIA.200021702,200021702,21702,7,21702,València / Aragó,1,1,Accessible,217,217,6660217,Encants,8,6,2,L2,2,2022-05-07,POINT (2.1824666169343687 41.40682787383308)
ACCESSOS_EST_LINIA.200021801,200021801,21801,8,21801,Sibelius,1,1,Accessible,218,218,6660131,Clot,9,6,2,L2,2,2022-05-07,POINT (2.1861690404598 41.410268040224246)
ACCESSOS_EST_LINIA.200021901,200021901,21901,9,21901,Fluvià,1,1,Accessible,219,219,6660219,Bac de Roda,10,6,2,L2,2,2022-05-07,POINT (2.19625432577836 41.415716692237105)
ACCESSOS_EST_LINIA.200021911,200021911,21911,10,21911,Bac de Roda,0,3,No accessible,219,219,6660219,Bac de Roda,10,6,2,L2,2,2022-05-07,POINT (2.19507920707105 41.41484254892016)
ACCESSOS_EST_LINIA.200022001,200022001,22001,11,22001,Agricultura,1,1,Accessible,220,220,6660220,Sant Martí,11,6,2,L2,2,2022-05-07,POINT (2.199980917665574 41.41851943580219)
ACCESSOS_EST_LINIA.200022011,200022011,22011,12,22011,Cantàbria,0,3,No accessible,220,220,6660220,Sant Martí,11,6,2,L2,2,2022-05-07,POINT (2.201155132701335 41.419396999382336)
ACCESSOS_EST_LINIA.202041301,202041301,2041301,209,41301,Rambla Guipúscoa / Ca n'Oliva,1,1,Accessible,221,221,6660221,La Pau,12,6,2,L2,2,2022-05-07,POINT (2.206081807312939 41.423437655063076)
ACCESSOS_EST_LINIA.200022201,200022201,22201,207,22201,Santander,1,1,Accessible,222,222,6660222,Verneda,13,6,2,L2,2,2022-05-07,POINT (2.209686267795912 41.43017922494413)
ACCESSOS_EST_LINIA.200022202,200022202,22202,208,22202,Ctra. Mataró,0,3,No accessible,222,222,6660222,Verneda,13,6,2,L2,2,2022-05-07,POINT (2.210155420418272 41.42994281851601)
ACCESSOS_EST_LINIA.200022301,200022301,22301,205,22301,Ctra. Santa Coloma,1,1,Accessible,223,223,6660223,Artigues | Sant Adrià,14,6,2,L2,2,2022-05-07,POINT (2.216873425614306 41.4336045560403)
ACCESSOS_EST_LINIA.200022302,200022302,22302,206,22302,Avinguda Joan XXIII,0,3,No accessible,223,223,6660223,Artigues | Sant Adrià,14,6,2,L2,2,2022-05-07,POINT (2.2172876618273887 41.43336328843553)
ACCESSOS_EST_LINIA.200022401,200022401,22401,203,22401,Plaça Sant Roc,0,3,No accessible,224,224,6660224,Sant Roc,15,6,2,L2,2,2022-05-07,POINT (2.227755552909284 41.43534005959227)
ACCESSOS_EST_LINIA.200022402,200022402,22402,204,22402,Alfons XII,1,1,Accessible,224,224,6660224,Sant Roc,15,6,2,L2,2,2022-05-07,POINT (2.2281057739536 41.435141100131624)
ACCESSOS_EST_LINIA.200022501,200022501,22501,201,22501,Avinguda Alfons XIII,0,3,No accessible,225,225,6660225,Gorg,16,6,2,L2,2,2022-05-07,POINT (2.2333532563002123 41.44033957881192)
ACCESSOS_EST_LINIA.200022502,200022502,22502,202,22502,Guifré,1,1,Accessible,225,225,6660225,Gorg,16,6,2,L2,2,2022-05-07,POINT (2.2339062487522385 41.4401428976177)
ACCESSOS_EST_LINIA.200022601,200022601,22601,198,22601,Avinguda Alfons XIII,1,1,Accessible,226,226,6660226,Pep Ventura,17,6,2,L2,2,2022-05-07,POINT (2.2378352491732425 41.444357052633926)
ACCESSOS_EST_LINIA.200022602,200022602,22602,199,22602,Avinguda Marquès de Mont-roig,0,3,No accessible,226,226,6660226,Pep Ventura,17,6,2,L2,2,2022-05-07,POINT (2.238393722342466 41.444449219335134)
ACCESSOS_EST_LINIA.200022603,200022603,22603,200,22603,Plaça Països Catalans,0,3,No accessible,226,226,6660226,Pep Ventura,17,6,2,L2,2,2022-05-07,POINT (2.2385984811046007 41.44428472833211)
ACCESSOS_EST_LINIA.200022701,200022701,22701,103,22701,Avinguda Martí Pujol,1,1,Accessible,227,227,6660227,Badalona Pompeu Fabra,18,6,2,L2,2,2022-05-07,POINT (2.2451936803320884 41.449727273251206)
ACCESSOS_EST_LINIA.200022711,200022711,22711,102,22711,La Creu,1,1,Accessible,227,227,6660227,Badalona Pompeu Fabra,18,6,2,L2,2,2022-05-07,POINT (2.244442515758089 41.448890076203675)
ACCESSOS_EST_LINIA.300031401,300031401,31401,14,31401,Avinguda Diagonal,0,3,No accessible,314,314,6660314,Zona Universitària,1,2,3,L3,3,2022-05-07,POINT (2.111519763105392 41.38414166721358)
ACCESSOS_EST_LINIA.300031402,300031402,31402,15,31402,Facultat d'Estudis Empresarials,0,3,No accessible,314,314,6660314,Zona Universitària,1,2,3,L3,3,2022-05-07,POINT (2.1116556097053945 41.384535199501684)
ACCESSOS_EST_LINIA.300031403,300031403,31403,330,31403,Dr. Marañón / Diagonal,0,3,No accessible,314,314,6660314,Zona Universitària,1,2,3,L3,3,2022-05-07,POINT (2.111847797786282 41.38422099581956)
ACCESSOS_EST_LINIA.300031404,300031404,31404,329,31404,Parc Cervantes,0,3,No accessible,314,314,6660314,Zona Universitària,1,2,3,L3,3,2022-05-07,POINT (2.111419051992819 41.38447460030893)
ACCESSOS_EST_LINIA.300031501,300031501,31501,16,31501,Facultat de Ciències,1,1,Accessible,315,315,6660315,Palau Reial,2,2,3,L3,3,2022-05-07,POINT (2.1180811742275276 41.38559335093526)
ACCESSOS_EST_LINIA.300031503,300031503,31503,18,31503,Avda. Diagonal,0,3,No accessible,315,315,6660315,Palau Reial,2,2,3,L3,3,2022-05-07,POINT (2.1177205117040354 41.38606988668554)
ACCESSOS_EST_LINIA.300031504,300031504,31504,19,31504,Palau de Pedralbes,0,3,No accessible,315,315,6660315,Palau Reial,2,2,3,L3,3,2022-05-07,POINT (2.1179574800801126 41.38612839534157)
ACCESSOS_EST_LINIA.300031602,300031602,31602,21,31602,Av. Diagonal / Doctor Ferran,0,3,No accessible,316,316,6660316,Maria Cristina,3,2,3,L3,3,2022-05-07,POINT (2.1262673940146266 41.38823250766679)
ACCESSOS_EST_LINIA.300031603,300031603,31603,20,31603,Gran Via Carles III,1,1,Accessible,316,316,6660316,Maria Cristina,3,2,3,L3,3,2022-05-07,POINT (2.1267962626212245 41.38778680149168)
ACCESSOS_EST_LINIA.300031604,300031604,31604,22,31604,Capità Arenas,0,3,No accessible,316,316,6660316,Maria Cristina,3,2,3,L3,3,2022-05-07,POINT (2.126507473376655 41.38829387770927)
ACCESSOS_EST_LINIA.300031701,300031701,31701,23,31701,Travessera de les Corts,1,1,Accessible,317,317,6660317,Les Corts,4,2,3,L3,3,2022-05-07,POINT (2.1306163098020594 41.38389819447068)
ACCESSOS_EST_LINIA.300031702,300031702,31702,24,31702,Joan Güell,0,3,No accessible,317,317,6660317,Les Corts,4,2,3,L3,3,2022-05-07,POINT (2.13063682526045 41.384391195568035)
ACCESSOS_EST_LINIA.300031801,300031801,31801,25,31801,Plaça del Centre (mar),1,1,Accessible,318,318,6660318,Plaça del Centre,5,2,3,L3,3,2022-05-07,POINT (2.1359254828961993 41.38166984558516)
ACCESSOS_EST_LINIA.300031802,300031802,31802,26,31802,Plaça del Centre (muntanya),0,3,No accessible,318,318,6660318,Plaça del Centre,5,2,3,L3,3,2022-05-07,POINT (2.1356282416543526 41.38211182070539)
ACCESSOS_EST_LINIA.300031901,300031901,31901,27,31901,Pl. Països Catalans / Numància / Ambulatori,1,1,Accessible,319,319,6660319,Sants Estació,6,2,3,L3,3,2022-05-07,POINT (2.1416637385998203 41.380945544078244)
ACCESSOS_EST_LINIA.300031902,300031902,31902,28,31902,Av. Josep Tarradellas,0,3,No accessible,319,319,6660319,Sants Estació,6,2,3,L3,3,2022-05-07,POINT (2.141980107891972 41.381082393091525)
ACCESSOS_EST_LINIA.300031911,300031911,31911,186,31911,Numància,0,3,No accessible,319,319,6660319,Sants Estació,6,2,3,L3,3,2022-05-07,POINT (2.1401532025848993 41.38239180932638)
ACCESSOS_EST_LINIA.300031912,300031912,31912,187,31912,Enric Bargés,0,3,No accessible,319,319,6660319,Sants Estació,6,2,3,L3,3,2022-05-07,POINT (2.1399637818783854 41.38207238425652)
ACCESSOS_EST_LINIA.300032001,300032001,32001,29,32001,Elisi,0,3,No accessible,320,320,6660320,Tarragona,7,2,3,L3,3,2022-05-07,POINT (2.144758837715334 41.37861477049398)
ACCESSOS_EST_LINIA.300032002,300032002,32002,30,32002,València,0,3,No accessible,320,320,6660320,Tarragona,7,2,3,L3,3,2022-05-07,POINT (2.145124924810331 41.37889806422128)
ACCESSOS_EST_LINIA.300032003,300032003,32003,31,32003,Tarragona,0,3,No accessible,320,320,6660320,Tarragona,7,2,3,L3,3,2022-05-07,POINT (2.1457621589406712 41.37785909059328)
ACCESSOS_EST_LINIA.300032004,300032004,32004,32,32004,Aragó,1,1,Accessible,320,320,6660320,Tarragona,7,2,3,L3,3,2022-05-07,POINT (2.1460840976162405 41.37824459551975)
ACCESSOS_EST_LINIA.300032101,300032101,32101,33,32101,Avinguda Paral·lel,0,3,No accessible,321,321,6660122,Espanya,8,2,3,L3,3,2022-05-07,POINT (2.1501643181317034 41.375239186052276)
ACCESSOS_EST_LINIA.300032102,300032102,32102,34,32102,Exposició,0,3,No accessible,321,321,6660122,Espanya,8,2,3,L3,3,2022-05-07,POINT (2.150044606550912 41.374813318039976)
ACCESSOS_EST_LINIA.300032201,300032201,32201,35,32201,Manso,0,1,Accessible,322,322,6660322,Poble Sec,9,2,3,L3,3,2022-05-07,POINT (2.1589105615673567 41.375148900053986)
ACCESSOS_EST_LINIA.300032202,300032202,32202,36,32202,Teodor Bonaplata,0,3,No accessible,322,322,6660322,Poble Sec,9,2,3,L3,3,2022-05-07,POINT (2.1589530430727173 41.37487439933379)
ACCESSOS_EST_LINIA.300032211,300032211,32211,37,32211,Parlament,0,3,No accessible,322,322,6660322,Poble Sec,9,2,3,L3,3,2022-05-07,POINT (2.1613537076639973 41.37511682504786)
ACCESSOS_EST_LINIA.303021001,303021001,3021001,42,21001,Nou de la Rambla,0,3,No accessible,323,323,6660210,Paral·lel,10,2,3,L3,3,2022-05-07,POINT (2.1703902635466403 41.37506374715856)
ACCESSOS_EST_LINIA.303021002,303021002,3021002,43,21002,Avinguda Paral·lel,1,1,Accessible,323,323,6660210,Paral·lel,10,2,3,L3,3,2022-05-07,POINT (2.1702476168469103 41.37481578673022)
ACCESSOS_EST_LINIA.303021011,303021011,3021011,301,21011,Fontrodona,0,3,No accessible,323,323,6660210,Paral·lel,10,2,3,L3,3,2022-05-07,POINT (2.1678151034838202 41.37482729303362)
ACCESSOS_EST_LINIA.303021012,303021012,3021012,302,21012,Ronda Sant Pau,0,3,No accessible,323,323,6660210,Paral·lel,10,2,3,L3,3,2022-05-07,POINT (2.168132929026759 41.37508847498623)
ACCESSOS_EST_LINIA.300032401,300032401,32401,44,32401,La Rambla,1,1,Accessible,324,324,6660324,Drassanes,11,2,3,L3,3,2022-05-07,POINT (2.1765218563885598 41.37694607663264)
ACCESSOS_EST_LINIA.300032403,300032403,32403,38,32403,Santa Madrona,0,3,No accessible,324,324,6660324,Drassanes,11,2,3,L3,3,2022-05-07,POINT (2.175960940811018 41.37708037518559)
ACCESSOS_EST_LINIA.300032411,300032411,32411,45,32411,Drassanes,1,1,Accessible,324,324,6660324,Drassanes,11,2,3,L3,3,2022-05-07,POINT (2.1755586309970667 41.376587278422946)
ACCESSOS_EST_LINIA.300032501,300032501,32501,39,32501,La Rambla / Mercat de la Boqueria,0,3,No accessible,325,325,6660325,Liceu,12,2,3,L3,3,2022-05-07,POINT (2.172468919735155 41.38201978420304)
ACCESSOS_EST_LINIA.300032511,300032511,32511,184,32511,La Rambla / Mercat de la Boqueria,0,3,No accessible,325,325,6660325,Liceu,12,2,3,L3,3,2022-05-07,POINT (2.1726208975248023 41.382015408634224)
ACCESSOS_EST_LINIA.300032521,300032521,32521,40,32521,La Rambla / Teatre Liceu,1,1,Accessible,325,325,6660325,Liceu,12,2,3,L3,3,2022-05-07,POINT (2.1735592931120378 41.380925407683605)
ACCESSOS_EST_LINIA.300032531,300032531,32531,185,32531,La Rambla / Teatre Liceu,1,1,Accessible,325,325,6660325,Liceu,12,2,3,L3,3,2022-05-07,POINT (2.1734448589745035 41.380864515158784)
ACCESSOS_EST_LINIA.300032601,300032601,32601,41,32601,La Rambla,0,3,No accessible,326,326,6660126,Catalunya,13,2,3,L3,3,2022-05-07,POINT (2.1701200409093806 41.38540092623957)
ACCESSOS_EST_LINIA.300032603,300032603,32603,47,32603,Pelai,1,1,Accessible,326,326,6660126,Catalunya,13,2,3,L3,3,2022-05-07,POINT (2.16953090480301 41.38546405543329)
ACCESSOS_EST_LINIA.300032604,300032604,32604,46,32604,Bergara,0,3,No accessible,326,326,6660126,Catalunya,13,2,3,L3,3,2022-05-07,POINT (2.1696418084504634 41.38575596036264)
ACCESSOS_EST_LINIA.300032701,300032701,32701,48,32701,Aragó / Pau Claris,1,1,Accessible,327,327,6660213,Passeig de Gràcia,14,2,3,L3,3,2022-05-07,POINT (2.165424467978146 41.39199999384237)
ACCESSOS_EST_LINIA.300032702,300032702,32702,49,32702,Aragó / Rambla Catalunya,0,3,No accessible,327,327,6660213,Passeig de Gràcia,14,2,3,L3,3,2022-05-07,POINT (2.165009231431743 41.39183603741427)
ACCESSOS_EST_LINIA.300032711,300032711,32711,52,32711,Consell de Cent,0,3,No accessible,327,327,6660213,Passeig de Gràcia,14,2,3,L3,3,2022-05-07,POINT (2.165492580469699 41.39152884500981)
ACCESSOS_EST_LINIA.300032801,300032801,32801,53,32801,Pg. de Gràcia / Rambla Catalunya,1,1,Accessible,328,328,6660328,Diagonal,15,2,3,L3,3,2022-05-07,POINT (2.160637849458869 41.39543592300068)
ACCESSOS_EST_LINIA.300032802,300032802,32802,54,32802,Pg. de Gràcia / Pau Claris,0,3,No accessible,328,328,6660328,Diagonal,15,2,3,L3,3,2022-05-07,POINT (2.1608068488020344 41.39563603149648)
ACCESSOS_EST_LINIA.300032803,300032803,32803,2259,32803,Pg. de Gràcia (escala mecànica),0,3,No accessible,328,328,6660328,Diagonal,15,2,3,L3,3,2022-05-07,POINT (2.160571363558969 41.39535970323131)
ACCESSOS_EST_LINIA.300032811,300032811,32811,55,32811,Diagonal / Rambla Catalunya,0,3,No accessible,328,328,6660328,Diagonal,15,2,3,L3,3,2022-05-07,POINT (2.1598606559043443 41.396071580714604)
ACCESSOS_EST_LINIA.300032812,300032812,32812,56,32812,Diagonal / Pau Claris,0,3,No accessible,328,328,6660328,Diagonal,15,2,3,L3,3,2022-05-07,POINT (2.1601035461905296 41.396215788271924)
ACCESSOS_EST_LINIA.300032901,300032901,32901,57,32901,Gran de Gràcia / Astúries,0,1,Accessible,329,329,6660329,Fontana,16,2,3,L3,3,2022-05-07,POINT (2.152678107276927 41.40258457283935)
ACCESSOS_EST_LINIA.300033001,300033001,33001,58,33001,Septimània,0,3,No accessible,330,330,6660330,Lesseps,17,2,3,L3,3,2022-05-07,POINT (2.1496107068433012 41.40620648074976)
ACCESSOS_EST_LINIA.300033011,300033011,33011,331,33011,Plaça Lesseps,1,1,Accessible,330,330,6660330,Lesseps,17,2,3,L3,3,2022-05-07,POINT (2.1502205519817297 41.40667385083013)
ACCESSOS_EST_LINIA.300033101,300033101,33101,59,33101,Avinguda República Argentina,1,1,Accessible,331,331,6660331,Vallcarca,18,2,3,L3,3,2022-05-07,POINT (2.1450426298249528 41.411410197592765)
ACCESSOS_EST_LINIA.300033102,300033102,33102,60,33102,Gomis,0,3,No accessible,331,331,6660331,Vallcarca,18,2,3,L3,3,2022-05-07,POINT (2.14455304549195 41.41178187582593)
ACCESSOS_EST_LINIA.300033103,300033103,33103,332,33103,Avinguda Vallcarca + Parc Güell,0,3,No accessible,331,331,6660331,Vallcarca,18,2,3,L3,3,2022-05-07,POINT (2.145264829649735 41.41169620434433)
ACCESSOS_EST_LINIA.300033201,300033201,33201,61,33201,Avinguda Vallcarca,0,3,No accessible,332,332,6660332,Penitents,19,2,3,L3,3,2022-05-07,POINT (2.1412754448802342 41.417503317458795)
ACCESSOS_EST_LINIA.300033202,300033202,33202,62,33202,Anna Piferrer,1,1,Accessible,332,332,6660332,Penitents,19,2,3,L3,3,2022-05-07,POINT (2.1409546293562167 41.4173874031846)
ACCESSOS_EST_LINIA.300033301,300033301,33301,63,33301,Mercat de Vall d'Hebron,1,1,Accessible,333,333,6660333,Vall d'Hebron,20,2,3,L3,3,2022-05-07,POINT (2.1429640450408893 41.424867681813545)
ACCESSOS_EST_LINIA.300033402,300033402,33402,66,33402,Residència Sanitària / Llars Mundet,1,1,Accessible,334,334,6660334,Montbau,21,2,3,L3,3,2022-05-07,POINT (2.1445523923106977 41.43041822207714)
ACCESSOS_EST_LINIA.300033403,300033403,33403,641,33403,Palau  Olímpic Vall d'Hebron,0,1,Accessible,334,334,6660334,Montbau,21,2,3,L3,3,2022-05-07,POINT (2.1454845839158647 41.430503617511576)
ACCESSOS_EST_LINIA.300033501,300033501,33501,192,33501,Can Marcet,0,1,Accessible,335,335,6660335,Mundet,22,2,3,L3,3,2022-05-07,POINT (2.1480892234435918 41.43495279987751)
ACCESSOS_EST_LINIA.300033502,300033502,33502,193,33502,Salesians,0,1,Accessible,335,335,6660335,Mundet,22,2,3,L3,3,2022-05-07,POINT (2.1484250021996574 41.435343747976944)
ACCESSOS_EST_LINIA.300033503,300033503,33503,194,33503,Passeig Vall d'Hebron,1,1,Accessible,335,335,6660335,Mundet,22,2,3,L3,3,2022-05-07,POINT (2.1472279054339625 41.43553737456102)
ACCESSOS_EST_LINIA.300033601,300033601,33601,195,33601,Passeig Valldaura,1,1,Accessible,336,336,6660336,Valldaura,23,2,3,L3,3,2022-05-07,POINT (2.156426119299251 41.43762092298766)
ACCESSOS_EST_LINIA.300033701,300033701,33701,196,33701,Via Favència,1,1,Accessible,337,337,6660337,Canyelles,24,2,3,L3,3,2022-05-07,POINT (2.166593311352566 41.44193270077403)
ACCESSOS_EST_LINIA.300033711,300033711,33711,197,33711,García Lorca,0,3,No accessible,337,337,6660337,Canyelles,24,2,3,L3,3,2022-05-07,POINT (2.1651883230251405 41.441694633488886)
ACCESSOS_EST_LINIA.300033801,300033801,33801,86,33801,Vidal i Guasch,1,1,Accessible,338,338,6660338,Roquetes,25,2,3,L3,3,2022-05-07,POINT (2.1770662586806546 41.44809123519064)
ACCESSOS_EST_LINIA.300033811,300033811,33811,84,33811,Jaume Pinent,1,1,Accessible,338,338,6660338,Roquetes,25,2,3,L3,3,2022-05-07,POINT (2.1748775158004037 41.446849144353656)
ACCESSOS_EST_LINIA.300033812,300033812,33812,85,33812,Carrer de les Torres,0,3,No accessible,338,338,6660338,Roquetes,25,2,3,L3,3,2022-05-07,POINT (2.1760808609839555 41.44692796636725)
ACCESSOS_EST_LINIA.300033901,300033901,33901,83,33901,Palamós,0,1,Accessible,339,339,6660339,Trinitat Nova,26,2,3,L3,3,2022-05-07,POINT (2.1843473021666466 41.44942083503193)
ACCESSOS_EST_LINIA.400041301,400041301,41301,209,41301,Rambla Guipúscoa / Ca n'Oliva,1,1,Accessible,413,413,6660221,La Pau,1,5,4,L4,4,2022-05-07,POINT (2.206081807312939 41.423437655063076)
ACCESSOS_EST_LINIA.400041401,400041401,41401,335,41401,Gran Via de les Corts Catalanes,0,3,No accessible,414,414,6660414,Besòs,2,5,4,L4,4,2022-05-07,POINT (2.2102828419801326 41.42034012902514)
ACCESSOS_EST_LINIA.400041402,400041402,41402,210,41402,Tram Besòs,1,1,Accessible,414,414,6660414,Besòs,2,5,4,L4,4,2022-05-07,POINT (2.2098483543534213 41.42026437685945)
ACCESSOS_EST_LINIA.400041501,400041501,41501,68,41501,Jaume Fabre,1,1,Accessible,415,415,6660415,Besòs Mar,3,5,4,L4,4,2022-05-07,POINT (2.2166777693806643 41.414530716623666)
ACCESSOS_EST_LINIA.400041511,400041511,41511,69,41511,Ferrer Bassa,0,3,No accessible,415,415,6660415,Besòs Mar,3,5,4,L4,4,2022-05-07,POINT (2.21541421701844 41.41568433295783)
ACCESSOS_EST_LINIA.400041601,400041601,41601,70,41601,Rambla de Prim,1,1,Accessible,416,416,6660416,El Maresme | Fòrum,4,5,4,L4,4,2022-05-07,POINT (2.2175767847471763 41.41220882345698)
ACCESSOS_EST_LINIA.400041611,400041611,41611,71,41611,Avinguda Diagonal,0,3,No accessible,416,416,6660416,El Maresme | Fòrum,4,5,4,L4,4,2022-05-07,POINT (2.2160630670103947 41.411732588322984)
ACCESSOS_EST_LINIA.400041701,400041701,41701,72,41701,Selva de Mar,0,3,No accessible,417,417,6660417,Selva de Mar,5,5,4,L4,4,2022-05-07,POINT (2.2095668767194434 41.40821406823348)
ACCESSOS_EST_LINIA.400041711,400041711,41711,67,41711,Provençals,1,1,Accessible,417,417,6660417,Selva de Mar,5,5,4,L4,4,2022-05-07,POINT (2.2083583462233545 41.40777282064736)
ACCESSOS_EST_LINIA.400041801,400041801,41801,73,41801,Pujades / Bilbao,1,1,Accessible,418,418,6660418,Poblenou,6,5,4,L4,4,2022-05-07,POINT (2.202940589771111 41.40351070286831)
ACCESSOS_EST_LINIA.400041901,400041901,41901,74,41901,Pujades / Ciutat de Granada,1,1,Accessible,419,419,6660419,Llacuna,7,5,4,L4,4,2022-05-07,POINT (2.197267337323021 41.39920826558605)
ACCESSOS_EST_LINIA.400042001,400042001,42001,75,42001,Pujades / Pere IV,0,3,No accessible,420,420,6660420,Bogatell,8,5,4,L4,4,2022-05-07,POINT (2.191566344480914 41.39488392326392)
ACCESSOS_EST_LINIA.400042011,400042011,42011,1922,42011,Pujades,1,1,Accessible,420,420,6660420,Bogatell,8,5,4,L4,4,2022-05-07,POINT (2.1926279946926095 41.39548720974127)
ACCESSOS_EST_LINIA.400042101,400042101,42101,76,42101,Avinguda Icària,0,3,No accessible,421,421,6660421,Ciutadella | Vila Olímpica,9,5,4,L4,4,2022-05-07,POINT (2.1934139603588205 41.387903375455274)
ACCESSOS_EST_LINIA.400042102,400042102,42102,77,42102,Zoo,0,3,No accessible,421,421,6660421,Ciutadella | Vila Olímpica,9,5,4,L4,4,2022-05-07,POINT (2.193053918835433 41.38815523473655)
ACCESSOS_EST_LINIA.400042201,400042201,42201,78,42201,Plaça Pau Vila,1,1,Accessible,422,422,6660422,Barceloneta,10,5,4,L4,4,2022-05-07,POINT (2.1858192894438697 41.38236821843024)
ACCESSOS_EST_LINIA.400042301,400042301,42301,79,42301,Plaça de l'Àngel,1,1,Accessible,423,423,6660423,Jaume I,11,5,4,L4,4,2022-05-07,POINT (2.1784429898771593 41.38382347679052)
ACCESSOS_EST_LINIA.400042311,400042311,42311,80,42311,Argenteria,1,1,Accessible,423,423,6660423,Jaume I,11,5,4,L4,4,2022-05-07,POINT (2.1792694422401935 41.383817813127976)
ACCESSOS_EST_LINIA.400042401,400042401,42401,81,42401,Plaça Urquinaona,0,3,No accessible,424,424,6660127,Urquinaona,12,5,4,L4,4,2022-05-07,POINT (2.172765383459695 41.388811796430126)
ACCESSOS_EST_LINIA.400042411,400042411,42411,82,42411,Jonqueres,0,3,No accessible,424,424,6660127,Urquinaona,12,5,4,L4,4,2022-05-07,POINT (2.1742838020645 41.38760514728923)
ACCESSOS_EST_LINIA.400042501,400042501,42501,113,42501,Passeig de Gràcia / Gran Via,0,3,No accessible,425,425,6660213,Passeig de Gràcia,13,5,4,L4,4,2022-05-07,POINT (2.167630730892553 41.389766857787336)
ACCESSOS_EST_LINIA.400042601,400042601,42601,114,42601,Consell de Cent,1,1,Accessible,426,426,6660426,Girona,14,5,4,L4,4,2022-05-07,POINT (2.170834416676432 41.394835322546584)
ACCESSOS_EST_LINIA.400042602,400042602,42602,115,42602,Girona,0,3,No accessible,426,426,6660426,Girona,14,5,4,L4,4,2022-05-07,POINT (2.1714370252055546 41.39466633754326)
ACCESSOS_EST_LINIA.400042701,400042701,42701,116,42701,Passeig Sant Joan,0,3,No accessible,427,427,6660427,Verdaguer,15,5,4,L4,4,2022-05-07,POINT (2.168743126712873 41.399896785795484)
ACCESSOS_EST_LINIA.400042801,400042801,42801,117,42801,Escorial,1,1,Accessible,428,428,6660428,Joanic,16,5,4,L4,4,2022-05-07,POINT (2.1628982674135058 41.406025461731545)
ACCESSOS_EST_LINIA.400042802,400042802,42802,118,42802,Pi i Margall,0,3,No accessible,428,428,6660428,Joanic,16,5,4,L4,4,2022-05-07,POINT (2.1631784191637613 41.40573590753078)
ACCESSOS_EST_LINIA.400042901,400042901,42901,119,42901,Ronda Guinardó,1,1,Accessible,429,429,6660429,Alfons X,17,5,4,L4,4,2022-05-07,POINT (2.1665122167913315 41.412396309165906)
ACCESSOS_EST_LINIA.400042902,400042902,42902,120,42902,Lepant,0,3,No accessible,429,429,6660429,Alfons X,17,5,4,L4,4,2022-05-07,POINT (2.166926884371684 41.41194800811718)
ACCESSOS_EST_LINIA.400042903,400042903,42903,121,42903,Plaça Alfons el Savi,0,3,No accessible,429,429,6660429,Alfons X,17,5,4,L4,4,2022-05-07,POINT (2.1650869902343994 41.41206802846406)
ACCESSOS_EST_LINIA.400043001,400043001,43001,122,43001,Sant Quintí,1,1,Accessible,430,430,6660430,Guinardó | Hospital de Sant Pau,18,5,4,L4,4,2022-05-07,POINT (2.17448556195168 41.41602013578463)
ACCESSOS_EST_LINIA.400043012,400043012,43012,645,43012,Hospital de Sant Pau,0,1,Accessible,430,430,6660430,Guinardó | Hospital de Sant Pau,18,5,4,L4,4,2022-05-07,POINT (2.174417599864814 41.415769240572445)
ACCESSOS_EST_LINIA.400043101,400043101,43101,124,43101,Ronda Guinardó - costat Mar,0,3,No accessible,431,431,6660431,Maragall,19,5,4,L4,4,2022-05-07,POINT (2.1774197784441536 41.42253185893346)
ACCESSOS_EST_LINIA.400043102,400043102,43102,4162,43102,Ronda Guinardó - costat Muntanya,1,1,Accessible,431,431,6660431,Maragall,19,5,4,L4,4,2022-05-07,POINT (2.177172904274533 41.4225504338294)
ACCESSOS_EST_LINIA.400043201,400043201,43201,125,43201,Passeig Verdum / Llucmajor,1,1,Accessible,432,432,6660432,Llucmajor,20,5,4,L4,4,2022-05-07,POINT (2.173895569321168 41.437616701245766)
ACCESSOS_EST_LINIA.400043202,400043202,43202,126,43202,Plaça Jardins d'Alfàbia,0,3,No accessible,432,432,6660432,Llucmajor,20,5,4,L4,4,2022-05-07,POINT (2.173829044280302 41.43711488742183)
ACCESSOS_EST_LINIA.400043211,400043211,43211,127,43211,Pi i Molist,0,3,No accessible,432,432,6660432,Llucmajor,20,5,4,L4,4,2022-05-07,POINT (2.1728798103544618 41.436740514085386)
ACCESSOS_EST_LINIA.400043301,400043301,43301,128,43301,Via Júlia / Joaquim Valls,1,1,Accessible,433,433,6660433,Via Júlia,21,5,4,L4,4,2022-05-07,POINT (2.1788971202088763 41.44425262949602)
ACCESSOS_EST_LINIA.400043311,400043311,43311,129,43311,Via Júlia / Argullós,0,3,No accessible,433,433,6660433,Via Júlia,21,5,4,L4,4,2022-05-07,POINT (2.178598661229453 41.443561863852345)
ACCESSOS_EST_LINIA.400043401,400043401,43401,130,43401,Pedrosa,0,1,Accessible,434,434,6660339,Trinitat Nova,22,5,4,L4,4,2022-05-07,POINT (2.1832876951287985 41.44920925074595)
ACCESSOS_EST_LINIA.400043402,400043402,43402,131,43402,Aiguablava,0,3,No accessible,434,434,6660339,Trinitat Nova,22,5,4,L4,4,2022-05-07,POINT (2.181713598014566 41.4486587084232)
ACCESSOS_EST_LINIA.500050901,500050901,50901,132,50901,Plaça Estació,1,1,Accessible,509,509,6660509,Cornellà Centre,1,3,5,L5,5,2022-05-07,POINT (2.0699015151307307 41.35735037821628)
ACCESSOS_EST_LINIA.500051001,500051001,51001,133,51001,Lindavista,1,1,Accessible,510,510,6660510,Gavarra,2,3,5,L5,5,2022-05-07,POINT (2.0789561859060086 41.3577673220844)
ACCESSOS_EST_LINIA.500051002,500051002,51002,134,51002,Pl. Catalunya,0,3,No accessible,510,510,6660510,Gavarra,2,3,5,L5,5,2022-05-07,POINT (2.078852135643713 41.35792041068304)
ACCESSOS_EST_LINIA.500051101,500051101,51101,135,51101,Avinguda República Argentina,0,3,No accessible,511,511,6660511,Sant Ildefons,3,3,5,L5,5,2022-05-07,POINT (2.083927887746599 41.363390272636906)
ACCESSOS_EST_LINIA.500051102,500051102,51102,136,51102,Mercat Sant Ildefons,1,1,Accessible,511,511,6660511,Sant Ildefons,3,3,5,L5,5,2022-05-07,POINT (2.0840965480385196 41.36309026718108)
ACCESSOS_EST_LINIA.500051201,500051201,51201,137,51201,Estronci,1,1,Accessible,512,512,6660512,Can Boixeres,4,3,5,L5,5,2022-05-07,POINT (2.090696493388553 41.36610630964141)
ACCESSOS_EST_LINIA.500051301,500051301,51301,138,51301,Hortènsia,0,3,No accessible,513,513,6660513,Can Vidalet,5,3,5,L5,5,2022-05-07,POINT (2.0993829365383507 41.37146257653596)
ACCESSOS_EST_LINIA.500051311,500051311,51311,107,51311,Maladeta,1,1,Accessible,513,513,6660513,Can Vidalet,5,3,5,L5,5,2022-05-07,POINT (2.0999026596672605 41.37196795384223)
ACCESSOS_EST_LINIA.500051401,500051401,51401,139,51401,Avinguda Josep Molins,1,1,Accessible,514,514,6660514,Pubilla Cases,6,3,5,L5,5,2022-05-07,POINT (2.106320496479372 41.37350953109733)
ACCESSOS_EST_LINIA.500051402,500051402,51402,140,51402,Esteve Grau,0,3,No accessible,514,514,6660514,Pubilla Cases,6,3,5,L5,5,2022-05-07,POINT (2.1068724759790567 41.373490348877894)
ACCESSOS_EST_LINIA.500051411,500051411,51411,141,51411,Doctor Ramon Solanich,0,3,No accessible,514,514,6660514,Pubilla Cases,6,3,5,L5,5,2022-05-07,POINT (2.107924691533878 41.37403183137629)
ACCESSOS_EST_LINIA.500055501,500055501,55501,3842,55501,Avinguda de Xile,1,1,Accessible,555,555,6660555,Ernest Lluch,7,3,5,L5,5,2022-05-07,POINT (2.110604178786103 41.376174072254145)
ACCESSOS_EST_LINIA.500055502,500055502,55502,3843,55502,Cementiri de Sants,0,3,No accessible,555,555,6660555,Ernest Lluch,7,3,5,L5,5,2022-05-07,POINT (2.1113414738060774 41.37574887154281)
ACCESSOS_EST_LINIA.500051501,500051501,51501,142,51501,Travessera de les Corts,0,3,No accessible,515,515,6660515,Collblanc,8,3,5,L5,5,2022-05-07,POINT (2.120434295946638 41.375839939818576)
ACCESSOS_EST_LINIA.500051502,500051502,51502,143,51502,Doctor Martí i Julià,0,3,No accessible,515,515,6660515,Collblanc,8,3,5,L5,5,2022-05-07,POINT (2.120625060820197 41.375653040366075)
ACCESSOS_EST_LINIA.500051601,500051601,51601,145,51601,Carrer de Sants,0,3,No accessible,516,516,6660516,Badal,9,3,5,L5,5,2022-05-07,POINT (2.128635729254475 41.37561803970335)
ACCESSOS_EST_LINIA.500051602,500051602,51602,146,51602,Carreras i Candi,0,3,No accessible,516,516,6660516,Badal,9,3,5,L5,5,2022-05-07,POINT (2.1262208050255165 41.375437569753196)
ACCESSOS_EST_LINIA.500051611,500051611,51611,147,51611,Carrer de Sants / Arizala,1,1,Accessible,516,516,6660516,Badal,9,3,5,L5,5,2022-05-07,POINT (2.1260317244158746 41.37567233929521)
ACCESSOS_EST_LINIA.500051701,500051701,51701,148,51701,Plaça de Sants,0,3,No accessible,517,517,6660120,Plaça de Sants,10,3,5,L5,5,2022-05-07,POINT (2.1350711907650055 41.37564957593359)
ACCESSOS_EST_LINIA.500051702,500051702,51702,149,51702,Galileu,0,3,No accessible,517,517,6660120,Plaça de Sants,10,3,5,L5,5,2022-05-07,POINT (2.135831944267579 41.37551418432159)
ACCESSOS_EST_LINIA.500051801,500051801,51801,150,51801,Estació RENFE / Pl. Joan Peiró,0,1,Accessible,518,518,6660319,Sants Estació,11,3,5,L5,5,2022-05-07,POINT (2.139573249095389 41.379510456536)
ACCESSOS_EST_LINIA.500051802,500051802,51802,151,51802,Estació RENFE / Pl. Països Catalans,0,1,Accessible,518,518,6660319,Sants Estació,11,3,5,L5,5,2022-05-07,POINT (2.139922982410696 41.37972017015965)
ACCESSOS_EST_LINIA.500051901,500051901,51901,152,51901,Rocafort,1,1,Accessible,519,519,6660519,Entença,12,3,5,L5,5,2022-05-07,POINT (2.146110635069211 41.38496374773946)
ACCESSOS_EST_LINIA.500051911,500051911,51911,153,51911,Entença,0,3,No accessible,519,519,6660519,Entença,12,3,5,L5,5,2022-05-07,POINT (2.1450478629137275 41.384122054177965)
ACCESSOS_EST_LINIA.500052001,500052001,52001,154,52001,Villarroel,0,3,No accessible,520,520,6660520,Hospital Clínic,13,3,5,L5,5,2022-05-07,POINT (2.1516064012482254 41.38886729632631)
ACCESSOS_EST_LINIA.500052011,500052011,52011,155,52011,Comte d'Urgell,0,3,No accessible,520,520,6660520,Hospital Clínic,13,3,5,L5,5,2022-05-07,POINT (2.1501830305727547 41.38834045407549)
ACCESSOS_EST_LINIA.500052012,500052012,52012,156,52012,Rosselló,1,1,Accessible,520,520,6660520,Hospital Clínic,13,3,5,L5,5,2022-05-07,POINT (2.150619480791316 41.388395350299575)
ACCESSOS_EST_LINIA.500052101,500052101,52101,157,52101,Rambla Catalunya,1,3,No accessible,521,521,6660328,Diagonal,14,3,5,L5,5,2022-05-07,POINT (2.1591010125461674 41.39440990660634)
ACCESSOS_EST_LINIA.500052111,500052111,52111,158,52111,Rosselló / FGC,0,1,Accessible,521,521,6660328,Diagonal,14,3,5,L5,5,2022-05-07,POINT (2.158879879524316 41.39424605733008)
ACCESSOS_EST_LINIA.500052201,500052201,52201,159,52201,Bailèn,0,3,No accessible,522,522,6660427,Verdaguer,15,3,5,L5,5,2022-05-07,POINT (2.1674435087087836 41.39907870304267)
ACCESSOS_EST_LINIA.500052211,500052211,52211,160,52211,Avinguda Diagonal,0,3,No accessible,522,522,6660427,Verdaguer,15,3,5,L5,5,2022-05-07,POINT (2.1661909840678293 41.39846104828594)
ACCESSOS_EST_LINIA.500052212,500052212,52212,336,52212,Girona,0,3,No accessible,522,522,6660427,Verdaguer,15,3,5,L5,5,2022-05-07,POINT (2.166126840672571 41.39868396089712)
ACCESSOS_EST_LINIA.500052301,500052301,52301,161,52301,Provença / Avinguda Gaudí,1,1,Accessible,523,523,6660216,Sagrada Família,16,3,5,L5,5,2022-05-07,POINT (2.174221777749295 41.40449738730942)
ACCESSOS_EST_LINIA.500052311,500052311,52311,162,52311,Sardenya,0,3,No accessible,523,523,6660216,Sagrada Família,16,3,5,L5,5,2022-05-07,POINT (2.173067528902316 41.40369029202803)
ACCESSOS_EST_LINIA.500052312,500052312,52312,163,52312,Plaça de la Sagrada Família,0,3,No accessible,523,523,6660216,Sagrada Família,16,3,5,L5,5,2022-05-07,POINT (2.1734080685960047 41.40342879035008)
ACCESSOS_EST_LINIA.500052401,500052401,52401,164,52401,Dos de Maig,1,1,Accessible,524,524,6660524,Sant Pau | Dos de Maig,17,3,5,L5,5,2022-05-07,POINT (2.1763653799906564 41.41114080447703)
ACCESSOS_EST_LINIA.500052411,500052411,52411,165,52411,Cartagena,0,3,No accessible,524,524,6660524,Sant Pau | Dos de Maig,17,3,5,L5,5,2022-05-07,POINT (2.1757062735093786 41.41004068735595)
ACCESSOS_EST_LINIA.500052501,500052501,52501,166,52501,Passeig Maragall,1,1,Accessible,525,525,6660525,Camp de l'Arpa,18,3,5,L5,5,2022-05-07,POINT (2.1809551946540227 41.41475538864973)
ACCESSOS_EST_LINIA.500052511,500052511,52511,167,52511,Indústria,0,3,No accessible,525,525,6660525,Camp de l'Arpa,18,3,5,L5,5,2022-05-07,POINT (2.181700352854108 41.41528189569665)
ACCESSOS_EST_LINIA.500052611,500052611,52611,169,52611,Felip II,1,1,Accessible,526,526,6660133,La Sagrera,19,3,5,L5,5,2022-05-07,POINT (2.1865610859171887 41.42041075156976)
ACCESSOS_EST_LINIA.500052701,500052701,52701,170,52701,Matanzas,1,1,Accessible,527,527,6660527,Congrés,20,3,5,L5,5,2022-05-07,POINT (2.182114350361228 41.42342321848205)
ACCESSOS_EST_LINIA.500052711,500052711,52711,171,52711,Francesc Tàrrega,0,3,No accessible,527,527,6660527,Congrés,20,3,5,L5,5,2022-05-07,POINT (2.180782705543495 41.42355745678486)
ACCESSOS_EST_LINIA.500052801,500052801,52801,172,52801,Ramon Albó,0,3,No accessible,528,528,6660431,Maragall,21,3,5,L5,5,2022-05-07,POINT (2.177164452404854 41.4244727384488)
ACCESSOS_EST_LINIA.500052811,500052811,52811,173,52811,Avinguda dels Quinze,0,3,No accessible,528,528,6660431,Maragall,21,3,5,L5,5,2022-05-07,POINT (2.1760634615457635 41.42570009489562)
ACCESSOS_EST_LINIA.500052812,500052812,52812,337,52812,Prat d'en Roquer,0,3,No accessible,528,528,6660431,Maragall,21,3,5,L5,5,2022-05-07,POINT (2.1764610879640025 41.42550835136221)
ACCESSOS_EST_LINIA.500052901,500052901,52901,174,52901,Pi i Molist,0,3,No accessible,529,529,6660529,Virrei Amat,22,3,5,L5,5,2022-05-07,POINT (2.1745288376553185 41.430463669766056)
ACCESSOS_EST_LINIA.500052902,500052902,52902,175,52902,Fabra i Puig,0,3,No accessible,529,529,6660529,Virrei Amat,22,3,5,L5,5,2022-05-07,POINT (2.1740782260251827 41.43023491849355)
ACCESSOS_EST_LINIA.500052903,500052903,52903,1601,52903,Virrei Amat (muntanya),1,1,Accessible,529,529,6660529,Virrei Amat,22,3,5,L5,5,2022-05-07,POINT (2.174763343233299 41.43023702077505)
ACCESSOS_EST_LINIA.500052911,500052911,52911,176,52911,Felip II / Virrei Amat,0,3,No accessible,529,529,6660529,Virrei Amat,22,3,5,L5,5,2022-05-07,POINT (2.1755502323990963 41.429204008007446)
ACCESSOS_EST_LINIA.500052912,500052912,52912,177,52912,Virrei Amat (mar),0,3,No accessible,529,529,6660529,Virrei Amat,22,3,5,L5,5,2022-05-07,POINT (2.1747954644946055 41.429371724300154)
ACCESSOS_EST_LINIA.500053001,500053001,53001,178,53001,Canfranc,0,3,No accessible,530,530,6660530,Vilapicina,23,3,5,L5,5,2022-05-07,POINT (2.1673159493380174 41.430570802251374)
ACCESSOS_EST_LINIA.500053002,500053002,53002,179,53002,Cartellà,0,3,No accessible,530,530,6660530,Vilapicina,23,3,5,L5,5,2022-05-07,POINT (2.1667156226419357 41.430350694392594)
ACCESSOS_EST_LINIA.500053011,500053011,53011,180,53011,Passeig de les Palmeres,1,1,Accessible,530,530,6660530,Vilapicina,23,3,5,L5,5,2022-05-07,POINT (2.168476563431491 41.430326179812745)
ACCESSOS_EST_LINIA.500053012,500053012,53012,338,53012,Teide,1,1,Accessible,530,530,6660530,Vilapicina,23,3,5,L5,5,2022-05-07,POINT (2.168485040225751 41.43055214802522)
ACCESSOS_EST_LINIA.500053101,500053101,53101,181,53101,Plaça Eivissa,0,3,No accessible,531,531,6660531,Horta,24,3,5,L5,5,2022-05-07,POINT (2.160950029594109 41.43011108103821)
ACCESSOS_EST_LINIA.500053102,500053102,53102,182,53102,Tajo,0,3,No accessible,531,531,6660531,Horta,24,3,5,L5,5,2022-05-07,POINT (2.160968137390296 41.42967947669823)
ACCESSOS_EST_LINIA.500053111,500053111,53111,183,53111,Lisboa,1,1,Accessible,531,531,6660531,Horta,24,3,5,L5,5,2022-05-07,POINT (2.1588149190327615 41.42969342672421)
ACCESSOS_EST_LINIA.500053201,500053201,53201,104,53201,Plaça Pastrana,1,1,Accessible,532,532,6660532,El Carmel,25,3,5,L5,5,2022-05-07,POINT (2.1560349930542952 41.425538975362834)
ACCESSOS_EST_LINIA.500053211,500053211,53211,105,53211,Llobregós,0,3,No accessible,532,532,6660532,El Carmel,25,3,5,L5,5,2022-05-07,POINT (2.154370583017562 41.42328573366592)
ACCESSOS_EST_LINIA.500053212,500053212,53212,106,53212,Mercat,1,1,Accessible,532,532,6660532,El Carmel,25,3,5,L5,5,2022-05-07,POINT (2.1550153213204495 41.42364530715849)
ACCESSOS_EST_LINIA.500053301,500053301,53301,108,53301,Passeig Mare de Déu del Coll,1,1,Accessible,533,533,6660533,El Coll | La Teixonera,26,3,5,L5,5,2022-05-07,POINT (2.15030270678913 41.4209989290359)
ACCESSOS_EST_LINIA.500053302,500053302,53302,109,53302,Beat Almató,0,1,Accessible,533,533,6660533,El Coll | La Teixonera,26,3,5,L5,5,2022-05-07,POINT (2.149432679446425 41.419761733971406)
ACCESSOS_EST_LINIA.500053311,500053311,53311,110,53311,Arenys,1,1,Accessible,533,533,6660533,El Coll | La Teixonera,26,3,5,L5,5,2022-05-07,POINT (2.1479961471943976 41.42328766815374)
ACCESSOS_EST_LINIA.500053401,500053401,53401,111,53401,Residència Sanitària,1,1,Accessible,534,534,6660333,Vall d'Hebron,27,3,5,L5,5,2022-05-07,POINT (2.142156703324202 41.425372374065084)
ACCESSOS_EST_LINIA.500053402,500053402,53402,339,53402,Avinguda Jordà,0,3,No accessible,534,534,6660333,Vall d'Hebron,27,3,5,L5,5,2022-05-07,POINT (2.141713655986979 41.42467469635589)
ACCESSOS_EST_LINIA.9409052611,9409052611,9052611,169,52611,Felip II,1,1,Accessible,9430,930,6660133,La Sagrera,1,10,94,L9N,10,2022-05-07,POINT (2.1865610859171887 41.42041075156976)
ACCESSOS_EST_LINIA.9400093201,9400093201,93201,112,93201,Onze de Setembre,1,1,Accessible,9432,932,6660932,Onze de Setembre,2,10,94,L9N,10,2022-05-07,POINT (2.1933008223741237 41.4298487175847)
ACCESSOS_EST_LINIA.9400093301,9400093301,93301,101,93301,Sant Adrià,1,1,Accessible,9433,933,6660933,Bon Pastor,3,10,94,L9N,10,2022-05-07,POINT (2.2047315457246794 41.4360531670311)
ACCESSOS_EST_LINIA.9400094001,9400094001,94001,91,94001,Avinguda Santa Coloma,1,1,Accessible,9440,940,6660940,Can Peixauet,4,10,94,L9N,10,2022-05-07,POINT (2.2096957703492026 41.44477958472988)
ACCESSOS_EST_LINIA.9400094002,9400094002,94002,341,94002,Avinguda Banús Baixa,0,3,No accessible,9440,940,6660940,Can Peixauet,4,10,94,L9N,10,2022-05-07,POINT (2.210025659335624 41.44421939674089)
ACCESSOS_EST_LINIA.9400094101,9400094101,94101,340,94101,Banús Baixa,0,1,Accessible,9441,941,6660941,Santa Rosa,5,10,94,L9N,10,2022-05-07,POINT (2.2155704659483986 41.44677923058486)
ACCESSOS_EST_LINIA.9409014001,9409014001,9014001,299,14001,Sicília,0,3,No accessible,9442,942,6660140,Fondo,6,10,94,L9N,10,2022-05-07,POINT (2.2173919011341563 41.451496032150686)
ACCESSOS_EST_LINIA.9409014002,9409014002,9014002,300,14002,Mossèn Cinto Verdaguer,1,1,Accessible,9442,942,6660140,Fondo,6,10,94,L9N,10,2022-05-07,POINT (2.2185335547374057 41.45149940926402)
ACCESSOS_EST_LINIA.9400094301,9400094301,94301,89,94301,Mossèn Camil Rossell,3,1,Accessible,9443,943,6660943,Església Major,7,10,94,L9N,10,2022-05-07,POINT (2.2114418753858107 41.453885593522465)
ACCESSOS_EST_LINIA.9400094401,9400094401,94401,88,94401,Passatge de Salvatella,1,1,Accessible,9444,944,6660944,Singuerlín,8,10,94,L9N,10,2022-05-07,POINT (2.205592892706643 41.45960649692378)
ACCESSOS_EST_LINIA.9400094501,9400094501,94501,87,94501,Francesc Macià,1,1,Accessible,9445,945,6660945,Can Zam,9,10,94,L9N,10,2022-05-07,POINT (2.198281837713659 41.45756848155419)
ACCESSOS_EST_LINIA.9100090101,9100090101,90101,2600,90101,Aeroport T1,0,1,Accessible,9101,901,6660901,Aeroport T1,1,12,91,L9S,11,2022-05-07,POINT (2.0712103137449738 41.28819232176685)
ACCESSOS_EST_LINIA.9100090301,9100090301,90301,2599,90301,Aeroport T2,1,1,Accessible,9103,903,6660903,Aeroport T2,2,12,91,L9S,11,2022-05-07,POINT (2.073020154893667 41.30392085751796)
ACCESSOS_EST_LINIA.9100090401,9100090401,90401,2598,90401,Avinguda de Les Garrigues / Alta Ribagorça,1,1,Accessible,9104,904,6660904,Mas Blau,3,12,91,L9S,11,2022-05-07,POINT (2.0733211961667237 41.311866166574404)
ACCESSOS_EST_LINIA.9100090501,9100090501,90501,2596,90501,Riu Llobregat / Riu Xúquer,1,1,Accessible,9105,905,6660905,Parc Nou,4,12,91,L9S,11,2022-05-07,POINT (2.087374114933685 41.316887406723374)
ACCESSOS_EST_LINIA.9100090511,9100090511,90511,2597,90511,Riu Llobregat / Riu Ebre,0,3,No accessible,9105,905,6660905,Parc Nou,4,12,91,L9S,11,2022-05-07,POINT (2.088911301489891 41.316411309842785)
ACCESSOS_EST_LINIA.9100090601,9100090601,90601,2594,90601,Plaça Catalunya,1,1,Accessible,9106,906,6660906,Cèntric,5,12,91,L9S,11,2022-05-07,POINT (2.093119967119463 41.32254235495225)
ACCESSOS_EST_LINIA.9100090602,9100090602,90602,2595,90602,C. Lleida,0,3,No accessible,9106,906,6660906,Cèntric,5,12,91,L9S,11,2022-05-07,POINT (2.0938312215600168 41.32184761209478)
ACCESSOS_EST_LINIA.9100090701,9100090701,90701,2593,90701,Doctor Soler i Torrens,1,1,Accessible,9107,907,6660907,El Prat Estació,6,12,91,L9S,11,2022-05-07,POINT (2.089932544277716 41.33126725950448)
ACCESSOS_EST_LINIA.9100090901,9100090901,90901,2588,90901,Av. Verge de Montserrat / Ctra. de la Marina,1,3,No accessible,9109,909,6660909,Les Moreres,7,12,91,L9S,11,2022-05-07,POINT (2.102664267821187 41.32883210533803)
ACCESSOS_EST_LINIA.9100090902,9100090902,90902,2591,90902,Av. Verge de Montserrat / Les Moreres,0,1,Accessible,9109,909,6660909,Les Moreres,7,12,91,L9S,11,2022-05-07,POINT (2.103480952220144 41.32920552447803)
ACCESSOS_EST_LINIA.9100091001,9100091001,91001,2587,91001,Carrer K / Carrer Transversal 6,1,1,Accessible,9110,910,6660910,Mercabarna,8,12,91,L9S,11,2022-05-07,POINT (2.1119712773466173 41.33383224647838)
ACCESSOS_EST_LINIA.9100091101,9100091101,91101,2585,91101,Av. Parc Logístic / C. Número Un,1,1,Accessible,9111,911,6660911,Parc Logístic,9,12,91,L9S,11,2022-05-07,POINT (2.127133907927153 41.34135302889588)
ACCESSOS_EST_LINIA.9100091102,9100091102,91102,2586,91102,Av. Parc Logístic / C. Número Vint-i-cinc,0,3,No accessible,9111,911,6660911,Parc Logístic,9,12,91,L9S,11,2022-05-07,POINT (2.1281666270287083 41.341696680484176)
ACCESSOS_EST_LINIA.9100091201,9100091201,91201,2584,91201,Botànica + Accés NORD | EST,1,1,Accessible,9112,912,6660912,Fira,10,12,91,L9S,11,2022-05-07,POINT (2.1308184384231095 41.3520791789687)
ACCESSOS_EST_LINIA.9100091202,9100091202,91202,2882,91202,Accés SUD,0,0,Desconeguda,9112,912,6660912,Fira,10,12,91,L9S,11,2022-05-07,POINT (2.130161348948757 41.352410659580244)
ACCESSOS_EST_LINIA.9100091301,9100091301,91301,2583,91301,Fira Gran Via,1,1,Accessible,9113,913,6660913,Europa | Fira,11,12,91,L9S,11,2022-05-07,POINT (2.125840722012314 41.35671425717415)
ACCESSOS_EST_LINIA.9100091311,9100091311,91311,2582,91311,Plaça Europa,1,1,Accessible,9113,913,6660913,Europa | Fira,11,12,91,L9S,11,2022-05-07,POINT (2.124527021260951 41.35731058570792)
ACCESSOS_EST_LINIA.9100091401,9100091401,91401,2581,91401,Can Tries - Narcís de Monturiol,1,1,Accessible,9114,914,6660914,Can Tries | Gornal,12,12,91,L9S,11,2022-05-07,POINT (2.118223705045705 41.36063591391114)
ACCESSOS_EST_LINIA.9109011711,9109011711,9011711,233,11711,Av. Catalunya,1,1,Accessible,9115,915,6660117,Torrassa,13,12,91,L9S,11,2022-05-07,POINT (2.1162009470409284 41.36858674069323)
ACCESSOS_EST_LINIA.9109011712,9109011712,9011712,234,11712,Rosalía de Castro,0,3,No accessible,9115,915,6660117,Torrassa,13,12,91,L9S,11,2022-05-07,POINT (2.116832736177879 41.36809030931978)
ACCESSOS_EST_LINIA.9100091601,9100091601,91601,2578,91601,Av. Sant Ramon,1,1,Accessible,9116,916,6660515,Collblanc,14,12,91,L9S,11,2022-05-07,POINT (2.1184479522727964 41.37586944626433)
ACCESSOS_EST_LINIA.9100000918,9100000918,918,2563,91801,Dr. Marañón,1,1,Accessible,9118,918,6660314,Zona Universitària,15,12,91,L9S,11,2022-05-07,POINT (2.111956267171571 41.38403328719203)
ACCESSOS_EST_LINIA.10409052611,10409052611,9052611,169,52611,Felip II,1,1,Accessible,10430,930,6660133,La Sagrera,1,11,104,L10N,13,2022-05-07,POINT (2.1865610859171887 41.42041075156976)
ACCESSOS_EST_LINIA.10400093201,10400093201,93201,112,93201,Onze de Setembre,1,1,Accessible,10432,932,6660932,Onze de Setembre,2,11,104,L10N,13,2022-05-07,POINT (2.1933008223741237 41.4298487175847)
ACCESSOS_EST_LINIA.10400093301,10400093301,93301,101,93301,Sant Adrià,1,1,Accessible,10433,933,6660933,Bon Pastor,3,11,104,L10N,13,2022-05-07,POINT (2.2047315457246794 41.4360531670311)
ACCESSOS_EST_LINIA.10400093401,10400093401,93401,98,93401,Avinguda d'Amèrica,0,1,Accessible,10434,934,6660934,Llefià,4,11,104,L10N,13,2022-05-07,POINT (2.2175212634603376 41.44130635647114)
ACCESSOS_EST_LINIA.10400093402,10400093402,93402,99,93402,Avinguda d'Amèrica (mercat),1,1,Accessible,10434,934,6660934,Llefià,4,11,104,L10N,13,2022-05-07,POINT (2.217083938187719 41.4421682430632)
ACCESSOS_EST_LINIA.10400093403,10400093403,93403,100,93403,Ronda Sant Antoni,0,1,Accessible,10434,934,6660934,Llefià,4,11,104,L10N,13,2022-05-07,POINT (2.2173197719249496 41.4411063365731)
ACCESSOS_EST_LINIA.10400093501,10400093501,93501,94,93501,Marquès de Sant Mori,0,3,No accessible,10435,935,6660935,La Salut,5,11,104,L10N,13,2022-05-07,POINT (2.2242297001806635 41.442642547069504)
ACCESSOS_EST_LINIA.10400093502,10400093502,93502,95,93502,Quevedo,0,3,No accessible,10435,935,6660935,La Salut,5,11,104,L10N,13,2022-05-07,POINT (2.2250436909847853 41.44270344254486)
ACCESSOS_EST_LINIA.10400093503,10400093503,93503,96,93503,Juan Valera,1,1,Accessible,10435,935,6660935,La Salut,5,11,104,L10N,13,2022-05-07,POINT (2.223806846674649 41.441486355830804)
ACCESSOS_EST_LINIA.10400093504,10400093504,93504,97,93504,Austràlia,0,3,No accessible,10435,935,6660935,La Salut,5,11,104,L10N,13,2022-05-07,POINT (2.223288453106502 41.44221872386628)
ACCESSOS_EST_LINIA.10400093601,10400093601,93601,93,93601,Antoni Bori,1,1,Accessible,10436,936,6660225,Gorg,6,11,104,L10N,13,2022-05-07,POINT (2.23471701814955 41.44005519720216)
ACCESSOS_EST_LINIA.10100095101,10100095101,95101,3523,95101,Carrer A / Carrer 5,0,1,Accessible,1051,951,6660951,ZAL | Riu Vell,1,13,101,L10S,14,2022-05-07,POINT (2.133128278747189 41.32382923976563)
ACCESSOS_EST_LINIA.10100095102,10100095102,95102,3524,95102,Riu Llobregat,0,1,Accessible,1051,951,6660951,ZAL | Riu Vell,1,13,101,L10S,14,2022-05-07,POINT (2.132990553917449 41.32360655294026)
ACCESSOS_EST_LINIA.10100095103,10100095103,95103,3525,95103,ZAL,0,1,Accessible,1051,951,6660951,ZAL | Riu Vell,1,13,101,L10S,14,2022-05-07,POINT (2.133069173990653 41.32357794203119)
ACCESSOS_EST_LINIA.10100095201,10100095201,95201,3216,95201,Ecoparc,0,1,Accessible,1052,952,6660952,Ecoparc,2,13,101,L10S,14,2022-05-07,POINT (2.13710059403922 41.33028804659413)
ACCESSOS_EST_LINIA.10100095202,10100095202,95202,3217,95202,Carrer A / Carrer 4,0,1,Accessible,1052,952,6660952,Ecoparc,2,13,101,L10S,14,2022-05-07,POINT (2.1369594602071227 41.330057232323206)
ACCESSOS_EST_LINIA.10100095203,10100095203,95203,3522,95203,Carrer A (costat mar),0,1,Accessible,1052,952,6660952,Ecoparc,2,13,101,L10S,14,2022-05-07,POINT (2.137043313198081 41.33002736085884)
ACCESSOS_EST_LINIA.10100095301,10100095301,95301,3213,95301,Carrer A / Carrer 25,0,1,Accessible,1053,953,6660953,Port Comercial | La Factoria,3,13,101,L10S,14,2022-05-07,POINT (2.14068453363928 41.336111165843306)
ACCESSOS_EST_LINIA.10100095302,10100095302,95302,3214,95302,Carrer A / Carrer 27,0,1,Accessible,1053,953,6660953,Port Comercial | La Factoria,3,13,101,L10S,14,2022-05-07,POINT (2.140546792545736 41.335884930290916)
ACCESSOS_EST_LINIA.10100095303,10100095303,95303,3215,95303,Carrer A (costat mar),0,1,Accessible,1053,953,6660953,Port Comercial | La Factoria,3,13,101,L10S,14,2022-05-07,POINT (2.14062873841243 41.335856942627636)
ACCESSOS_EST_LINIA.10100095401,10100095401,95401,3210,95401,Carrer A / Carrer 1,0,1,Accessible,1054,954,6660954,Zona Franca,4,13,101,L10S,14,2022-05-07,POINT (2.144978381649569 41.34311222877129)
ACCESSOS_EST_LINIA.10100095402,10100095402,95402,3211,95402,Carrer A / Carrer 2,0,1,Accessible,1054,954,6660954,Zona Franca,4,13,101,L10S,14,2022-05-07,POINT (2.144832614303175 41.342872346526015)
ACCESSOS_EST_LINIA.10100095403,10100095403,95403,3212,95403,Carrer A (costat mar),0,1,Accessible,1054,954,6660954,Zona Franca,4,13,101,L10S,14,2022-05-07,POINT (2.1449341946959053 41.34284331262662)
ACCESSOS_EST_LINIA.10100095601,10100095601,95601,3205,95601,Fira Gran Via (Pavellons 6·7·8),1,1,Accessible,1056,956,6660956,Foc,5,13,101,L10S,14,2022-05-07,POINT (2.14209075541422 41.355655373429926)
ACCESSOS_EST_LINIA.10100095602,10100095602,95602,3206,95602,Foc (costat Montjuïc),1,1,Accessible,1056,956,6660956,Foc,5,13,101,L10S,14,2022-05-07,POINT (2.142089981762316 41.35622090746167)
ACCESSOS_EST_LINIA.10100095701,10100095701,95701,3203,95701,Jardins dels Drets Humans,1,1,Accessible,1057,957,6660957,Foneria,6,13,101,L10S,14,2022-05-07,POINT (2.1383677128471694 41.360606020902836)
ACCESSOS_EST_LINIA.10100095702,10100095702,95702,3204,95702,Mercat de la Marina,1,1,Accessible,1057,957,6660957,Foneria,6,13,101,L10S,14,2022-05-07,POINT (2.13877309287938 41.360792023543844)
ACCESSOS_EST_LINIA.10100095801,10100095801,95801,3209,95801,Gran Via / Alhambra,1,1,Accessible,1058,958,6660958,Ciutat de la Justícia,7,13,101,L10S,14,2022-05-07,POINT (2.1316721512688925 41.36237484309637)
ACCESSOS_EST_LINIA.10100095802,10100095802,95802,3208,95802,Ciutat de la Justícia,0,3,No accessible,1058,958,6660958,Ciutat de la Justícia,7,13,101,L10S,14,2022-05-07,POINT (2.133027479850449 41.3634176705468)
ACCESSOS_EST_LINIA.10100095901,10100095901,95901,3207,95901,Aprestadora / Rosell,1,1,Accessible,1059,959,6660959,Provençana,8,13,101,L10S,14,2022-05-07,POINT (2.1241191296572666 41.36160789642794)
ACCESSOS_EST_LINIA.10100091401,10100091401,91401,2581,91401,Can Tries - Narcís de Monturiol,1,1,Accessible,1014,914,6660914,Can Tries | Gornal,9,13,101,L10S,14,2022-05-07,POINT (2.118223705045705 41.36063591391114)
ACCESSOS_EST_LINIA.10109011711,10109011711,9011711,233,11711,Av. Catalunya,1,1,Accessible,1015,915,6660117,Torrassa,10,13,101,L10S,14,2022-05-07,POINT (2.1162009470409284 41.36858674069323)
ACCESSOS_EST_LINIA.10109011712,10109011712,9011712,234,11712,Rosalía de Castro,0,3,No accessible,1015,915,6660117,Torrassa,10,13,101,L10S,14,2022-05-07,POINT (2.116832736177879 41.36809030931978)
ACCESSOS_EST_LINIA.10100091601,10100091601,91601,2578,91601,Av. Sant Ramon,1,1,Accessible,1016,916,6660515,Collblanc,11,13,101,L10S,14,2022-05-07,POINT (2.1184479522727964 41.37586944626433)
ACCESSOS_EST_LINIA.1111043401,1111043401,11043401,130,43401,Pedrosa,0,1,Accessible,1136,1136,6660339,Trinitat Nova,1,7,11,L11,15,2022-05-07,POINT (2.1832876951287985 41.44920925074595)
ACCESSOS_EST_LINIA.1111043402,1111043402,11043402,131,43402,Aiguablava,0,3,No accessible,1136,1136,6660339,Trinitat Nova,1,7,11,L11,15,2022-05-07,POINT (2.181713598014566 41.4486587084232)
ACCESSOS_EST_LINIA.1100113701,1100113701,113701,213,113701,Aiguablava,0,1,Accessible,1137,1137,6661137,Casa de l'Aigua,2,7,11,L11,15,2022-05-07,POINT (2.1851754580532616 41.451261449770584)
ACCESSOS_EST_LINIA.1100113801,1100113801,113801,215,113801,Avinguda Escolapi Càncer,1,1,Accessible,1138,1138,6661138,Torre Baró | Vallbona,3,7,11,L11,15,2022-05-07,POINT (2.1807068322278242 41.45929572838615)
ACCESSOS_EST_LINIA.1100113811,1100113811,113811,214,113811,Sant Feliu de Codines,1,1,Accessible,1138,1138,6661138,Torre Baró | Vallbona,3,7,11,L11,15,2022-05-07,POINT (2.1792574126156485 41.45930587802702)
ACCESSOS_EST_LINIA.1100113901,1100113901,113901,216,113901,Avinguda Rasos de Peguera,1,1,Accessible,1139,1139,6661139,Ciutat Meridiana,4,7,11,L11,15,2022-05-07,POINT (2.1746970655892848 41.46089542038299)
ACCESSOS_EST_LINIA.1100114001,1100114001,114001,217,114001,Circumval·lació,1,1,Accessible,1140,1140,6661140,Can Cuiàs,5,7,11,L11,15,2022-05-07,POINT (2.1727425962893063 41.46267788387076)
ACCESSOS_EST_LINIA.1100114011,1100114011,114011,218,114011,Les Fustes,0,1,Accessible,1140,1140,6661140,Can Cuiàs,5,7,11,L11,15,2022-05-07,POINT (2.173141755285573 41.46283124731911)
ACCESSOS_EST_LINIA.9999021001,9999021001,99021001,42,21001,Nou de la Rambla,0,3,No accessible,9901,9901,6660210,Paral·lel,1,1,99,FM,16,2022-05-07,POINT (2.1703902635466403 41.37506374715856)
ACCESSOS_EST_LINIA.9999021002,9999021002,99021002,43,21002,Avinguda Paral·lel,1,1,Accessible,9901,9901,6660210,Paral·lel,1,1,99,FM,16,2022-05-07,POINT (2.1702476168469103 41.37481578673022)
ACCESSOS_EST_LINIA.9999021011,9999021011,99021011,301,21011,Fontrodona,0,3,No accessible,9901,9901,6660210,Paral·lel,1,1,99,FM,16,2022-05-07,POINT (2.1678151034838202 41.37482729303362)
ACCESSOS_EST_LINIA.9999021012,9999021012,99021012,302,21012,Ronda Sant Pau,0,3,No accessible,9901,9901,6660210,Paral·lel,1,1,99,FM,16,2022-05-07,POINT (2.168132929026759 41.37508847498623)
ACCESSOS_EST_LINIA.9900990201,9900990201,990201,2258,990201,Avinguda Miramar,0,1,Accessible,9902,9902,6669902,Parc de Montjuïc,2,1,99,FM,16,2022-05-07,POINT (2.163094465706356 41.36884517746519)
